episode,reward,episode_length,running_reward,switch_rate,max_cart_velocity,max_pole_angle,max_angular_velocity,mean_pole_angle,mean_angular_velocity
1,15.0,15,15.0,0.5,0.75285304,0.20309813,1.2375109,0.09763387,0.6267622
2,21.0,21,15.06,0.7,0.4003902,0.20338649,1.2448993,0.10803014,0.4830583
3,28.0,28,15.1894,0.4074074074074074,1.3169016,0.20892389,1.6748915,0.08189825,0.7564401
4,60.0,60,15.637505999999998,0.3728813559322034,2.8615096,0.19461843,2.8300529,0.095518865,0.6240089
5,14.0,14,15.621130939999999,0.46153846153846156,0.9545147,0.20126665,1.6795775,0.07456524,0.9483113
6,28.0,28,15.744919630599998,0.6666666666666666,0.7533405,0.19819397,1.1091967,0.075637154,0.46737307
7,13.0,13,15.717470434293999,0.4166666666666667,1.0247006,0.19460128,1.5278137,0.07271351,0.8044496
8,37.0,37,15.930295729951057,0.5,1.0137538,0.19317266,1.7475177,0.040067438,0.43245456
9,12.0,12,15.890992772651545,0.45454545454545453,1.0278594,0.178304,1.6963049,0.075924255,0.773077
10,34.0,34,16.07208284492503,0.45454545454545453,0.9508835,0.19208647,1.8935131,0.054595772,0.5957607
11,23.0,23,16.14136201647578,0.5454545454545454,0.83834153,0.18225251,1.6380469,0.068057515,0.4782074
12,9.0,9,16.069948396311023,0.375,1.1567245,0.18763696,1.9244272,0.08370418,1.0987277
13,31.0,31,16.21924891234791,0.4,0.65535975,0.19859113,1.4203272,0.081409976,0.41744214
14,13.0,13,16.18705642322443,0.5833333333333334,1.1562408,0.20569131,1.9323092,0.0790845,1.1139592
15,17.0,17,16.195185858992186,0.4375,1.1411176,0.2005351,1.8542104,0.06429064,0.9092126
16,17.0,17,16.203234000402265,0.6875,0.60213864,0.1909664,1.0238153,0.093021855,0.5674155
17,15.0,15,16.191201660398242,0.5714285714285714,0.9763467,0.20772004,1.7272736,0.083925575,0.71454173
18,19.0,19,16.219289643794262,0.5555555555555556,0.7569233,0.1841875,1.5721062,0.0801962,0.49620312
19,41.0,41,16.46709674735632,0.5,0.6215084,0.19761822,1.5367721,0.059257858,0.3998308
20,15.0,15,16.452425779882756,0.35714285714285715,0.76886237,0.19155987,1.5046295,0.082413755,0.71687585
21,28.0,28,16.56790152208393,0.6296296296296297,0.5826138,0.20652369,1.0971016,0.07687645,0.45729765
22,28.0,28,16.68222250686309,0.5185185185185185,0.79503787,0.19520186,1.273128,0.055021696,0.61217344
23,45.0,45,16.96540028179446,0.4318181818181818,0.83699375,0.1755402,1.9153253,0.054150328,0.40369186
24,19.0,19,16.985746278976514,0.2222222222222222,1.0194409,0.2057034,1.5421034,0.10467426,0.6267372
25,17.0,17,16.98588881618675,0.4375,1.155553,0.20083126,2.005377,0.060217157,0.72954994
26,16.0,16,16.976029928024882,0.5333333333333333,0.7527401,0.20292187,1.3508465,0.089159,0.6471772
27,24.0,24,17.046269628744632,0.43478260869565216,0.94385135,0.19823079,1.5671223,0.052635822,0.6404857
28,22.0,22,17.095806932457183,0.5238095238095238,1.0197055,0.18837655,1.7243122,0.048806265,0.6288873
29,23.0,23,17.15484886313261,0.6818181818181818,0.7662572,0.20453727,1.1470579,0.06508922,0.57805884
30,26.0,26,17.243300374501285,0.4,1.3583969,0.18543342,2.040676,0.047222592,0.72823715
31,39.0,39,17.460867370756272,0.6052631578947368,0.634806,0.18797795,1.3631587,0.052694406,0.38470566
32,15.0,15,17.436258697048707,0.35714285714285715,0.8238077,0.20504276,1.5142534,0.090855576,0.7525427
33,34.0,34,17.60189611007822,0.5757575757575758,1.004862,0.20021783,1.2966579,0.057747006,0.48180383
34,23.0,23,17.655877148977435,0.5454545454545454,0.5876853,0.2090953,1.1520649,0.074624784,0.5531995
35,28.0,28,17.759318377487663,0.5185185185185185,1.034622,0.19798866,1.8748628,0.060588866,0.529927
36,25.0,25,17.831725193712785,0.4583333333333333,0.9870956,0.20878865,1.5038091,0.058467098,0.59268093
37,16.0,16,17.813407941775658,0.4666666666666667,0.9465142,0.17577149,1.7420685,0.061901562,0.6496222
38,42.0,42,18.055273862357904,0.2926829268292683,1.3258237,0.19216038,1.3452852,0.11179997,0.52693474
39,15.0,15,18.024721123734324,0.5714285714285714,1.1594057,0.19022387,1.957594,0.058064483,0.7707704
40,32.0,32,18.16447391249698,0.6129032258064516,0.56067884,0.20466995,0.99505925,0.07968562,0.38756788
41,19.0,19,18.172829173372012,0.2777777777777778,1.1771926,0.1950755,1.7475308,0.04888728,0.6743157
42,50.0,50,18.491100881638292,0.46938775510204084,0.81173867,0.19732854,1.396492,0.06547616,0.4321552
43,39.0,39,18.69618987282191,0.5263157894736842,0.5943735,0.2057272,1.4363366,0.060203034,0.41098443
44,20.0,20,18.70922797409369,0.47368421052631576,0.81990993,0.20477155,1.171373,0.083462924,0.61556715
45,29.0,29,18.81213569435275,0.5,0.44362408,0.20324685,1.3366847,0.086475596,0.4358068
46,23.0,23,18.854014337409225,0.5909090909090909,0.81060296,0.18224908,1.5524526,0.059021857,0.53014123
47,62.0,62,19.285474194035135,0.5081967213114754,1.109575,0.20222147,1.3488681,0.04788569,0.4429666
48,49.0,49,19.582619452094782,0.4375,0.9978758,0.18348718,2.048403,0.04665535,0.42221722
49,16.0,16,19.546793257573835,0.4,0.99879366,0.20883186,1.7851472,0.08269154,0.75113446
50,30.0,30,19.651325324998098,0.6551724137931034,0.61885273,0.20467831,1.0572057,0.11528714,0.35131657
51,25.0,25,19.704812071748115,0.4583333333333333,0.75118154,0.20227264,1.1706389,0.07630025,0.4878044
52,42.0,42,19.927763951030634,0.5365853658536586,0.80869806,0.20090908,1.3244376,0.060829908,0.5228152
53,15.0,15,19.878486311520327,0.42857142857142855,1.0227468,0.20346457,1.5383564,0.09314907,0.7032932
54,37.0,37,20.049701448405123,0.6111111111111112,0.4250726,0.20179869,1.1012236,0.07908301,0.37006414
55,25.0,25,20.099204433921074,0.5833333333333334,0.9682919,0.2091761,1.3568008,0.0715595,0.6023218
56,82.0,82,20.71821238958186,0.6790123456790124,1.6832529,0.20504779,1.1033796,0.097589664,0.31545466
57,35.0,35,20.861030265686043,0.5588235294117647,0.7301186,0.19098581,1.3505243,0.055586815,0.49588382
58,32.0,32,20.972419963029182,0.5483870967741935,0.6523703,0.2081653,1.6389949,0.08314258,0.4031834
59,19.0,19,20.952695763398893,0.7777777777777778,0.9468188,0.20245914,1.7747189,0.06460338,0.5921911
60,59.0,59,21.333168805764902,0.5172413793103449,0.95912915,0.20787169,1.8518333,0.04995023,0.4684521
61,31.0,31,21.42983711770725,0.6666666666666666,0.6189436,0.20861349,1.1451098,0.06342489,0.4804182
62,26.0,26,21.47553874653018,0.64,0.62793815,0.18465671,1.2910414,0.055657633,0.49772274
63,34.0,34,21.600783359064877,0.696969696969697,0.62659454,0.20850633,1.066667,0.09352947,0.393027
64,60.0,60,21.98477552547423,0.4745762711864407,0.876464,0.20784505,1.1629199,0.08421555,0.34150755
65,30.0,30,22.064927770219487,0.5172413793103449,0.7609911,0.20143248,1.0728308,0.11080082,0.3928568
66,18.0,18,22.024278492517293,0.5882352941176471,0.81761193,0.20137443,1.2880781,0.07770124,0.59678763
67,20.0,20,22.00403570759212,0.631578947368421,0.6492854,0.19172333,1.4990488,0.102334164,0.45732436
68,51.0,51,22.2939953505162,0.52,0.94297755,0.20478652,1.3472525,0.09697247,0.34384117
69,15.0,15,22.22105539701104,0.5,0.8053261,0.19392246,1.4711081,0.083819754,0.80079234
70,18.0,18,22.178844843040928,0.5294117647058824,0.8087446,0.2092855,1.2203869,0.09036295,0.699241
71,104.0,104,22.997056394610517,0.5048543689320388,1.5079124,0.20191292,1.2391025,0.06954114,0.35946324
72,25.0,25,23.017085830664413,0.5,0.63856643,0.1947685,1.0628144,0.10707797,0.48151726
73,52.0,52,23.30691497235777,0.7058823529411765,0.50596774,0.19822308,0.83555555,0.07868849,0.28878242
74,32.0,32,23.393845822634194,0.6129032258064516,0.97931784,0.1962867,1.7659495,0.06135404,0.4437971
75,43.0,43,23.589907364407853,0.5476190476190477,0.7389581,0.20853311,1.1284584,0.107445665,0.3268682
76,22.0,22,23.574008290763775,0.5238095238095238,0.5480138,0.19249791,0.8955492,0.09447619,0.46324062
77,39.0,39,23.728268207856136,0.5,0.9016827,0.2032034,1.0214299,0.13479872,0.41402414
78,42.0,42,23.910985525777576,0.5609756097560976,0.5267399,0.20001464,0.83165395,0.087243855,0.32257617
79,75.0,75,24.4218756705198,0.5540540540540541,1.1765269,0.18833144,1.0813447,0.08021248,0.35501546
80,53.0,53,24.707656913814603,0.6153846153846154,0.55090487,0.20866424,1.2438496,0.06630042,0.29620537
81,73.0,73,25.190580344676455,0.5694444444444444,0.75446606,0.20442858,0.8493827,0.072277404,0.2762407
82,16.0,16,25.09867454122969,0.3333333333333333,0.62928057,0.20895125,1.1734947,0.10937422,0.5765376
83,187.0,187,26.717687795817394,0.5645161290322581,1.5388907,0.20066726,1.133452,0.05747381,0.33719173
84,16.0,16,26.61051091785922,0.4,0.7744047,0.20153074,1.3037372,0.090410165,0.67369944
85,22.0,22,26.564405808680625,0.47619047619047616,1.0074672,0.17486015,1.826644,0.058824267,0.48291472
86,98.0,98,27.27876175059382,0.5567010309278351,2.2455373,0.1914359,1.3176515,0.08986807,0.36445597
87,13.0,13,27.13597413308788,0.75,0.6385105,0.20426409,1.1857069,0.10626735,0.680598
88,59.0,59,27.454614391757,0.46551724137931033,0.61085576,0.20384796,1.0510511,0.054467425,0.37229538
89,92.0,92,28.100068247839435,0.5164835164835165,2.0741763,0.20891699,1.2101965,0.1082028,0.3455181
90,44.0,44,28.25906756536104,0.5116279069767442,0.76507604,0.20808013,1.047287,0.07931973,0.35437578
91,44.0,44,28.41647688970743,0.5348837209302325,0.747277,0.196105,1.037345,0.05405445,0.40625432
92,34.0,34,28.472312120810354,0.45454545454545453,0.9333597,0.20241377,1.3216337,0.06687649,0.51343596
93,34.0,34,28.52758899960225,0.5454545454545454,0.7413493,0.2079468,1.3863227,0.0695716,0.4674757
94,140.0,140,29.642313109606228,0.5683453237410072,2.0832863,0.12381963,0.89906657,0.06099716,0.26353624
95,52.0,52,29.865889978510165,0.5490196078431373,0.5597064,0.20567046,0.98763245,0.04667963,0.36936826
96,21.0,21,29.777231078725062,0.6,0.55442417,0.20695946,0.94427776,0.10381116,0.44452024
97,25.0,25,29.72945876793781,0.625,0.56460387,0.20489557,0.977623,0.11225078,0.44364178
98,40.0,40,29.83216418025843,0.46153846153846156,0.60716707,0.20109488,1.3349518,0.07433872,0.34287623
99,45.0,45,29.983842538455846,0.4318181818181818,0.9684618,0.20914623,1.2186817,0.073408686,0.42678052
100,16.0,16,29.84400411307129,0.7333333333333333,0.60637563,0.19667596,1.2903681,0.10022272,0.58171225
101,23.0,23,29.775564071940575,0.45454545454545453,0.5820665,0.20627187,1.0208467,0.08685268,0.4591216
102,37.0,37,29.84780843122117,0.6666666666666666,0.7647368,0.20513318,0.7783903,0.11245796,0.3200622
103,82.0,82,30.36933034690896,0.5679012345679012,0.8341712,0.20396674,1.5193665,0.03264475,0.3446228
104,44.0,44,30.505637043439872,0.5348837209302325,0.72920763,0.20441093,1.2032287,0.09427261,0.3388483
105,48.0,48,30.680580673005473,0.5531914893617021,1.108163,0.20495553,1.0202781,0.11920691,0.2954917
106,55.0,55,30.92377486627542,0.5740740740740741,0.52019495,0.20026886,1.1673445,0.055473413,0.30401215
107,26.0,26,30.874537117612665,0.48,0.9853675,0.20532528,1.5358797,0.052279595,0.542442
108,52.0,52,31.085791746436538,0.5686274509803921,1.0815021,0.20724338,0.72781056,0.12944184,0.27582517
109,109.0,109,31.864933828972173,0.6018518518518519,1.2396603,0.2042325,1.1159669,0.06542516,0.29305595
110,13.0,13,31.676284490682452,0.5833333333333334,0.6335319,0.20223977,1.1112685,0.109192245,0.69743675
111,51.0,51,31.869521645775627,0.58,0.9525363,0.2070578,0.93704426,0.09518721,0.29036802
112,36.0,36,31.910826429317872,0.5428571428571428,0.51221496,0.1995282,0.9814672,0.09361336,0.31017116
113,30.0,30,31.891718165024695,0.5862068965517241,0.5695555,0.20455222,0.9915899,0.10671766,0.36596078
114,72.0,72,32.29280098337445,0.6056338028169014,0.8739438,0.20835689,1.155932,0.08046782,0.2654733
115,133.0,133,33.2998729735407,0.5757575757575758,1.1351875,0.20410797,1.0327842,0.07451282,0.28886855
116,61.0,61,33.57687424380529,0.65,0.40154505,0.1931362,1.0815052,0.034269545,0.35247734
117,109.0,109,34.33110550136724,0.5462962962962963,2.723249,0.18570632,1.0107455,0.12046278,0.2653212
118,120.0,120,35.18779444635357,0.5714285714285714,1.1808262,0.19745491,1.1663388,0.055844054,0.38230696
119,29.0,29,35.12591650189003,0.6428571428571429,0.99322355,0.20008492,1.2892319,0.084072985,0.4944637
120,23.0,23,35.00465733687113,0.7272727272727273,0.38131058,0.20251046,0.86380506,0.09694986,0.42224365
121,54.0,54,35.19461076350241,0.6037735849056604,0.80199313,0.20267774,1.1024451,0.056251887,0.43518117
122,18.0,18,35.02266465586739,0.5294117647058824,0.9883874,0.19676106,1.4600283,0.075740784,0.60507154
123,25.0,25,34.92243800930871,0.5,0.60477567,0.20213681,1.1022502,0.104683876,0.45510867
124,89.0,89,35.46321362921562,0.5340909090909091,1.088783,0.19574262,1.0124449,0.064929955,0.29938972
125,36.0,36,35.46858149292347,0.4857142857142857,0.7703244,0.2091802,1.1399527,0.10851148,0.34032086
126,54.0,54,35.653895677994235,0.5660377358490566,0.5995803,0.2072202,0.9275544,0.06972051,0.33745232
127,49.0,49,35.787356721214294,0.5208333333333334,0.7692521,0.19913343,1.0468915,0.06171207,0.3759589
128,89.0,89,36.31948315400215,0.5340909090909091,1.8456278,0.20335226,1.0510422,0.09110976,0.38306072
129,13.0,13,36.08628832246213,0.4166666666666667,0.75791264,0.20212626,1.2641072,0.10715878,0.62767863
130,43.0,43,36.15542543923751,0.4523809523809524,0.75204754,0.1890839,1.2966754,0.082184434,0.36536646
131,57.0,57,36.36387118484514,0.5357142857142857,1.294138,0.20631179,0.89682263,0.11387076,0.33926937
132,99.0,99,36.99023247299669,0.5306122448979592,3.2834573,0.20933029,0.97544074,0.15174115,0.2979172
133,169.0,169,38.310330148266715,0.5833333333333334,2.0771089,0.119484104,1.0524486,0.04899414,0.2905649
134,108.0,108,39.00722684678404,0.6074766355140186,0.9403373,0.19325565,1.2103848,0.071925394,0.30242196
135,96.0,96,39.577154578316204,0.5894736842105263,1.0142673,0.20222713,1.3704671,0.059024375,0.38613462
136,72.0,72,39.90138303253304,0.5352112676056338,0.72853255,0.20379192,0.9831201,0.054316476,0.4090414
137,101.0,101,40.51236920220771,0.56,1.8174003,0.20795815,0.91021216,0.09868953,0.28791896
138,117.0,117,41.27724551018563,0.5775862068965517,2.8009076,0.19383334,0.812953,0.10522154,0.25888154
139,77.0,77,41.634473055083774,0.5789473684210527,1.828892,0.20797321,1.1670504,0.10009741,0.40305582
140,84.0,84,42.05812832453294,0.6385542168674698,0.8970326,0.20746444,0.795385,0.0713405,0.28387457
141,41.0,41,42.0475470412876,0.45,0.82135606,0.19167018,1.3226284,0.04762947,0.47035658
142,77.0,77,42.39707157087473,0.4605263157894737,1.1699898,0.2081278,1.238603,0.0935128,0.40322655
143,29.0,29,42.26310085516598,0.4642857142857143,0.75249076,0.20934393,1.1297472,0.070490815,0.5119995
144,60.0,60,42.44046984661432,0.5084745762711864,0.40326136,0.19701317,0.9877811,0.040852856,0.34395388
145,115.0,115,43.16606514814818,0.43859649122807015,0.9280296,0.20270127,1.240208,0.048132997,0.4263086
146,40.0,40,43.1344044966667,0.6153846153846154,0.6173054,0.20707928,0.9680892,0.08203326,0.39496613
147,21.0,21,42.913060451700034,0.55,0.8315147,0.1830972,1.520522,0.066071905,0.5159255
148,66.0,66,43.14392984718303,0.49230769230769234,0.9220263,0.20684202,1.2100109,0.051535044,0.3751741
149,79.0,79,43.5024905487112,0.44871794871794873,1.4852436,0.19488016,1.1370925,0.06913799,0.45480052
150,62.0,62,43.68746564322409,0.5245901639344263,0.8022296,0.19781789,0.9523007,0.076292254,0.33416018
151,59.0,59,43.84059098679185,0.5862068965517241,0.7461816,0.19954522,0.902596,0.07966013,0.33522877
152,85.0,85,44.252185076923936,0.6071428571428571,0.98153776,0.20042661,1.2768013,0.043623533,0.32935506
153,134.0,134,45.1496632261547,0.5714285714285714,2.0512888,0.17906186,0.80441165,0.08324562,0.29235482
154,69.0,69,45.38816659389315,0.5588235294117647,1.938973,0.18959583,1.6273619,0.08638005,0.39592203
155,47.0,47,45.40428492795422,0.6304347826086957,0.782449,0.20719892,0.95019686,0.0903305,0.3378232
156,77.0,77,45.72024207867468,0.5131578947368421,2.2001185,0.2057526,1.3083963,0.11274116,0.430767
157,71.0,71,45.97303965788793,0.6142857142857143,0.9198536,0.20519328,0.9700707,0.062319916,0.31598532
158,94.0,94,46.45330926130905,0.5376344086021505,2.2310998,0.20074944,1.2162504,0.09343709,0.37931532
159,85.0,85,46.838776168695965,0.5476190476190477,0.7547621,0.20502493,1.0131725,0.052133486,0.31181672
160,87.0,87,47.240388407009,0.5116279069767442,1.5169837,0.19900602,1.1537102,0.07108681,0.33109522
161,33.0,33,47.09798452293891,0.5625,0.58031726,0.20811796,0.8646616,0.09107259,0.3725377
162,54.0,54,47.16700467770952,0.6037735849056604,1.3570011,0.20071289,1.2159386,0.08021509,0.44004518
163,113.0,113,47.825334630932424,0.5267857142857143,1.174976,0.19775371,1.7124416,0.045981172,0.4268542
164,16.0,16,47.5070812846231,0.5333333333333333,0.835815,0.20583753,1.3160942,0.09499939,0.5993811
165,104.0,104,48.07201047177686,0.5922330097087378,1.363862,0.20649593,0.98084027,0.056473188,0.30263776
166,44.0,44,48.03129036705909,0.5348837209302325,0.69796026,0.20844886,0.91190904,0.103922345,0.29723907
167,39.0,39,47.9409774633885,0.7105263157894737,0.95110893,0.20855524,0.87166053,0.13053441,0.29673418
168,114.0,114,48.60156768875461,0.49557522123893805,2.0878904,0.20372212,1.4834177,0.06795671,0.39597505
169,99.0,99,49.10555201186707,0.5714285714285714,0.95908165,0.20470051,1.1867131,0.06082879,0.34660757
170,107.0,107,49.6844964917484,0.5566037735849056,2.1987638,0.19486089,0.9732459,0.09340321,0.32706383
171,60.0,60,49.78765152683091,0.4406779661016949,0.9170353,0.20743167,1.256224,0.08989156,0.40841848
172,222.0,222,51.5097750115626,0.5882352941176471,1.7331482,0.20273475,1.316413,0.041630764,0.30191508
173,97.0,97,51.96467726144697,0.5625,1.7003397,0.20655656,1.0493239,0.10252897,0.33275172
174,99.0,99,52.4350304888325,0.5612244897959183,3.0892253,0.18509565,0.83859277,0.13833378,0.2580065
175,60.0,60,52.51068018394418,0.6610169491525424,0.5406587,0.20854898,0.9796521,0.06878533,0.27506897
176,36.0,36,52.34557338210474,0.5428571428571428,0.5657113,0.20885974,0.879574,0.10520354,0.34489834
177,41.0,41,52.23211764828369,0.525,0.60029453,0.20394233,0.90199167,0.09022616,0.35021347
178,82.0,82,52.52979647180085,0.5925925925925926,2.1631706,0.20828559,0.9867086,0.13287218,0.26143676
179,101.0,101,53.01449850708284,0.54,1.1004698,0.20926881,1.1772798,0.08043308,0.3557242
180,58.0,58,53.06435352201201,0.543859649122807,1.3640455,0.19672132,1.0623628,0.08832493,0.44074064
181,71.0,71,53.24370998679189,0.6142857142857143,0.9558518,0.19455291,1.2320833,0.090507746,0.28695756
182,100.0,100,53.71127288692397,0.46464646464646464,1.0067677,0.19746946,1.2562304,0.08323102,0.34219766
183,39.0,39,53.56416015805473,0.5789473684210527,0.88591903,0.20814906,0.8794231,0.11994984,0.2857847
184,56.0,56,53.588518556474185,0.4909090909090909,1.0920318,0.19341388,1.0585444,0.10870048,0.3147936
185,140.0,140,54.45263337090944,0.6187050359712231,0.9337717,0.2018822,0.95595175,0.05473274,0.31491208
186,91.0,91,54.81810703720034,0.5777777777777777,2.0127559,0.19970603,1.2529329,0.0950294,0.4432243
187,120.0,120,55.46992596682834,0.5546218487394958,1.3064649,0.20911442,0.9648456,0.09055373,0.33229142
188,181.0,181,56.72522670716006,0.6111111111111112,1.4639045,0.15282294,0.7873604,0.056229346,0.24291065
189,103.0,103,57.18797444008846,0.5588235294117647,1.870686,0.1995437,1.1541883,0.07571378,0.3504234
190,190.0,190,58.51609469568757,0.6137566137566137,1.479534,0.20647128,1.0243465,0.060763925,0.29496914
191,66.0,66,58.59093374873069,0.5538461538461539,1.6720814,0.20419648,1.4108878,0.100981906,0.46725863
192,62.0,62,58.62502441124338,0.5737704918032787,2.6799877,0.20086694,1.8329456,0.12507142,0.5518948
193,75.0,75,58.788774167130946,0.6081081081081081,1.5329355,0.19300953,1.4193579,0.05970139,0.4404756
194,36.0,36,58.560886425459636,0.5428571428571428,0.5269046,0.20819388,0.9573741,0.097389765,0.3438263
195,86.0,86,58.83527756120504,0.6470588235294118,0.7379876,0.20862144,0.917052,0.048469853,0.3278883
196,80.0,80,59.046924785592985,0.5316455696202531,0.902404,0.20548233,1.0247154,0.0629548,0.3593291
197,62.0,62,59.076455537737054,0.5901639344262295,0.969916,0.19593832,1.475601,0.08043413,0.37608147
198,155.0,155,60.03569098235968,0.6428571428571429,1.503326,0.20172061,0.8813789,0.060674377,0.31050187
199,74.0,74,60.17533407253609,0.589041095890411,0.9464745,0.18820773,1.2359117,0.07164939,0.29427177
200,166.0,166,61.23358073181073,0.5818181818181818,0.9354367,0.20470998,1.0311601,0.044325557,0.32391575
201,62.0,62,61.24124492449262,0.5737704918032787,0.91968197,0.20794608,1.0260175,0.07917958,0.38002178
202,121.0,121,61.83883247524769,0.6083333333333333,1.705579,0.1953186,1.5456675,0.055056892,0.3300144
203,66.0,66,61.88044415049521,0.6153846153846154,1.3023484,0.19987684,1.0736076,0.07442841,0.40282652
204,97.0,97,62.23163970899025,0.5729166666666666,1.4602791,0.19817626,1.0947869,0.07237812,0.34618565
205,112.0,112,62.729323311900345,0.5945945945945946,1.7098149,0.20599653,1.2849264,0.066682376,0.34860444
206,94.0,94,63.04203007878134,0.5161290322580645,0.9498559,0.20744376,1.1271812,0.04995636,0.3501255
207,66.0,66,63.07160977799352,0.5538461538461539,0.77498305,0.20804724,0.8569785,0.070501514,0.32555708
208,77.0,77,63.21089368021359,0.6052631578947368,2.0999782,0.20515765,1.2329139,0.105204694,0.42373487
209,164.0,164,64.21878474341145,0.656441717791411,0.94377494,0.20465639,0.8750289,0.039898075,0.24866462
210,66.0,66,64.23659689597733,0.5384615384615384,1.8410475,0.20209338,1.2202885,0.103418685,0.5083621
211,137.0,137,64.96423092701755,0.6029411764705882,1.5024308,0.1981899,0.9633518,0.072248176,0.29805836
212,134.0,134,65.65458861774738,0.5413533834586466,1.1070584,0.20451474,1.1285851,0.063551344,0.32992968
213,112.0,112,66.11804273156991,0.6126126126126126,1.3619136,0.20719084,1.1812501,0.048295498,0.32832223
214,56.0,56,66.01686230425422,0.6181818181818182,0.9911167,0.19626722,1.2314748,0.065763034,0.34380904
215,157.0,157,66.92669368121167,0.5769230769230769,2.2762601,0.20421378,1.1067501,0.0968562,0.3151534
216,78.0,78,67.03742674439955,0.5194805194805194,1.0918522,0.20068331,0.93453205,0.060680363,0.3236955
217,128.0,128,67.64705247695557,0.5826771653543307,2.0099244,0.19391677,1.2265364,0.086774595,0.34869307
218,63.0,63,67.600581952186,0.6612903225806451,1.1846644,0.20844251,1.2024993,0.05807443,0.40325758
219,109.0,109,68.01457613266415,0.5370370370370371,2.223875,0.1965899,1.4543135,0.074572355,0.34459236
220,57.0,57,67.9044303713375,0.5178571428571429,1.5494673,0.1999272,1.3953718,0.08434529,0.48486263
221,98.0,98,68.20538606762412,0.6391752577319587,0.7902791,0.20343736,0.94429964,0.05596756,0.26035833
222,197.0,197,69.49333220694787,0.5459183673469388,2.420891,0.19409908,1.2428945,0.07726369,0.34227788
223,57.0,57,69.36839888487839,0.6964285714285714,0.5417047,0.20143402,0.7464767,0.065743,0.2586059
224,71.0,71,69.38471489602959,0.6142857142857143,1.1358677,0.20327011,1.1544579,0.05951549,0.38469929
225,106.0,106,69.7508677470693,0.5142857142857142,1.1805972,0.2088682,1.2097657,0.047398813,0.33227155
226,73.0,73,69.7833590695986,0.625,0.78652227,0.2027925,1.0843521,0.06700123,0.3701252
227,78.0,78,69.86552547890261,0.4025974025974026,2.27422,0.20637645,1.6737314,0.09489865,0.46654066
228,64.0,64,69.80687022411358,0.5873015873015873,1.524381,0.19829531,1.3568044,0.07199837,0.39284465
229,49.0,49,69.59880152187245,0.4791666666666667,2.06296,0.19844717,1.6625397,0.11888987,0.5800962
230,168.0,168,70.58281350665372,0.5089820359281437,2.2098684,0.18491484,1.3698336,0.06000471,0.38656545
231,107.0,107,70.94698537158717,0.5754716981132075,2.4600992,0.20642622,1.5112785,0.0970683,0.4264733
232,32.0,32,70.5575155178713,0.5483870967741935,0.8412352,0.2031032,1.4245903,0.05914788,0.44204575
233,81.0,81,70.66194036269259,0.425,1.110179,0.20460005,1.1850786,0.06552772,0.3528986
234,49.0,49,70.44532095906565,0.5625,1.1605706,0.19549255,1.486508,0.05816652,0.4176877
235,112.0,112,70.860867749475,0.5765765765765766,1.1753393,0.20778872,0.9471058,0.074952826,0.35425642
236,66.0,66,70.81225907198025,0.5846153846153846,1.1272669,0.18506458,1.2441816,0.06362321,0.39556232
237,138.0,138,71.48413648126045,0.6131386861313869,0.981786,0.20069475,0.8951935,0.07517641,0.28062567
238,66.0,66,71.42929511644785,0.5384615384615384,1.146227,0.19911963,1.2439015,0.05012555,0.44249538
239,63.0,63,71.34500216528336,0.5483870967741935,1.187912,0.2085337,1.559894,0.046512164,0.38218075
240,63.0,63,71.26155214363052,0.46774193548387094,2.2370636,0.18982376,1.9206601,0.094815806,0.519065
241,75.0,75,71.29893662219422,0.5945945945945946,1.7289429,0.18876275,1.3284018,0.07835946,0.42744613
242,104.0,104,71.62594725597228,0.5825242718446602,0.90048563,0.20439626,0.9264434,0.059048202,0.30438983
243,68.0,68,71.58968778341256,0.582089552238806,1.6515934,0.19748889,1.4061987,0.082097486,0.40591732
244,254.0,254,73.41379090557844,0.5770750988142292,0.98163074,0.20764875,0.99197054,0.055140622,0.30148342
245,80.0,80,73.47965299652265,0.5822784810126582,1.6693708,0.1983657,1.2178273,0.08844386,0.3445664
246,149.0,149,74.23485646655742,0.5608108108108109,2.2830534,0.19745177,1.7432041,0.06451374,0.38343456
247,53.0,53,74.02250790189184,0.5961538461538461,0.53582424,0.20590787,0.9335964,0.06846828,0.31657186
248,89.0,89,74.17228282287293,0.6477272727272727,1.2877975,0.19765334,1.0827845,0.060721487,0.3549711
249,243.0,243,75.8605599946442,0.5578512396694215,1.305425,0.20784916,1.0764116,0.046919983,0.3241313
250,80.0,80,75.90195439469775,0.620253164556962,1.1066649,0.20696238,1.0889994,0.048790872,0.35605383
251,120.0,120,76.34293485075078,0.6302521008403361,1.3116466,0.2031226,0.9495878,0.06123708,0.28176913
252,121.0,121,76.78950550224326,0.5666666666666667,0.98353827,0.20099705,1.3197024,0.03360965,0.3415651
253,97.0,97,76.99161044722082,0.5208333333333334,2.1271195,0.20777215,1.7712187,0.0800612,0.4569931
254,154.0,154,77.76169434274863,0.5490196078431373,0.73905456,0.19819841,1.1341825,0.04324594,0.27880883
255,79.0,79,77.77407739932114,0.6025641025641025,1.3431683,0.20126228,1.0573591,0.08202005,0.33435237
256,142.0,142,78.41633662532793,0.5319148936170213,2.667326,0.2006234,1.9389832,0.08706458,0.38319355
257,76.0,76,78.39217325907465,0.56,1.5221553,0.2000848,1.2368194,0.08851505,0.37073016
258,105.0,105,78.65825152648391,0.5096153846153846,1.6494823,0.20461345,1.3401905,0.06128371,0.39898223
259,175.0,175,79.62166901121907,0.603448275862069,2.3986397,0.19530368,1.8328291,0.057638496,0.31464976
260,98.0,98,79.80545232110688,0.6391752577319587,0.7712343,0.18926068,1.0881695,0.04538899,0.2807084
261,89.0,89,79.89739779789582,0.6022727272727273,1.2914504,0.20840718,1.1165148,0.07591925,0.27903473
262,65.0,65,79.74842381991687,0.546875,1.4835972,0.20696664,1.1256647,0.09421258,0.41790476
263,57.0,57,79.52093958171768,0.42857142857142855,1.5072428,0.20503315,1.3623843,0.08143643,0.49357352
264,108.0,108,79.8057301859005,0.6355140186915887,1.3063492,0.20711812,0.9802815,0.06540178,0.30634955
265,75.0,75,79.7576728840415,0.6486486486486487,1.3312423,0.20071168,0.92663324,0.09355642,0.4090407
266,79.0,79,79.75009615520109,0.5769230769230769,1.5028901,0.20236757,1.2041337,0.07043876,0.35460165
267,69.0,69,79.64259519364907,0.5294117647058824,1.3669045,0.20810553,1.1257105,0.07884793,0.3695585
268,68.0,68,79.5261692417126,0.5223880597014925,1.3591231,0.1953238,1.2768699,0.07036201,0.45681325
269,90.0,90,79.63090754929547,0.5617977528089888,1.5075668,0.19577634,1.3626653,0.05686361,0.41300562
270,65.0,65,79.48459847380252,0.671875,0.9943913,0.20758763,1.1550525,0.042607527,0.3450103
271,101.0,101,79.6997524890645,0.57,1.1223598,0.19573608,1.392096,0.06886939,0.33745065
272,55.0,55,79.45275496417385,0.5555555555555556,1.2961291,0.19909891,1.0044959,0.090906106,0.43137807
273,65.0,65,79.30822741453211,0.484375,1.9095597,0.2017451,1.8020389,0.07149044,0.5090905
274,98.0,98,79.4951451403868,0.5670103092783505,1.845133,0.19492726,1.5120217,0.07378196,0.39952505
275,201.0,201,80.71019368898293,0.56,2.9805927,0.19629203,1.1837748,0.07473265,0.28060195
276,72.0,72,80.62309175209309,0.5352112676056338,1.280686,0.20558093,1.0895299,0.07201704,0.35684755
277,165.0,165,81.46686083457216,0.6463414634146342,1.4955349,0.20856695,1.0115565,0.06381116,0.28899527
278,119.0,119,81.84219222622643,0.6186440677966102,0.93481356,0.20798549,0.9625664,0.039144665,0.26575196
279,24.0,24,81.26377030396417,0.4782608695652174,0.5132734,0.20817727,0.79534686,0.12557705,0.3609151
280,120.0,120,81.65113260092453,0.5714285714285714,1.8952982,0.19909282,1.040864,0.08133463,0.3439773
281,46.0,46,81.29462127491527,0.6666666666666666,0.62530667,0.2043375,0.9801473,0.047463156,0.31064036
282,189.0,189,82.37167506216612,0.574468085106383,1.3298299,0.20524961,1.0434476,0.061540365,0.28293902
283,35.0,35,81.89795831154446,0.7352941176470589,0.5465049,0.20724362,0.8448074,0.09856975,0.30752462
284,104.0,104,82.11897872842901,0.5728155339805825,1.3213539,0.20167531,1.153035,0.06363244,0.32951587
285,64.0,64,81.93778894114472,0.6825396825396826,0.53331023,0.20330036,0.7975071,0.062982395,0.2855385
286,52.0,52,81.63841105173327,0.49019607843137253,0.8000033,0.204794,1.1828334,0.07931851,0.35867834
287,37.0,37,81.19202694121594,0.5277777777777778,0.5906009,0.19692922,0.8872121,0.08333791,0.33947352
288,112.0,112,81.50010667180379,0.6306306306306306,0.98803174,0.2033754,1.0397805,0.052951507,0.29446512
289,63.0,63,81.31510560508575,0.6612903225806451,0.99405545,0.18925984,1.0657803,0.06845398,0.30817997
290,197.0,197,82.47195454903489,0.6326530612244898,1.3316001,0.20626816,1.1137555,0.05764699,0.2714492
291,114.0,114,82.78723500354454,0.5929203539823009,2.420335,0.19797635,1.5981445,0.08720366,0.38792259
292,88.0,88,82.83936265350908,0.5862068965517241,1.1585573,0.20925815,1.1535304,0.058741283,0.33267993
293,139.0,139,83.400969026974,0.6086956521739131,2.2888777,0.20301816,1.5199231,0.10268827,0.3753767
294,131.0,131,83.87695933670426,0.6,1.4803568,0.2005313,1.3296999,0.058521498,0.3314921
295,107.0,107,84.1081897433372,0.6132075471698113,1.1220181,0.20682552,1.0401196,0.046655748,0.30734122
296,129.0,129,84.55710784590384,0.6328125,0.99032795,0.20420076,0.8572339,0.06091163,0.27592745
297,101.0,101,84.7215367674448,0.57,1.3112906,0.20418605,1.19162,0.07607076,0.27369514
298,90.0,90,84.77432139977036,0.6404494382022472,1.118193,0.20375365,1.4605541,0.06334081,0.35298565
299,294.0,294,86.86657818577265,0.6382252559726962,2.0042763,0.20194948,1.0054946,0.06448651,0.28999215
300,155.0,155,87.54791240391492,0.6298701298701299,1.1075222,0.20164025,1.1074013,0.04413022,0.30261275
301,131.0,131,87.98243327987578,0.6153846153846154,1.8619728,0.20860563,1.1351677,0.064713,0.34355637
302,229.0,229,89.39260894707702,0.5789473684210527,1.7031052,0.20260955,1.0985312,0.059766844,0.29156658
303,111.0,111,89.60868285760625,0.5636363636363636,1.4746013,0.20694888,0.9984851,0.064968504,0.31769088
304,221.0,221,90.92259602903019,0.6181818181818182,1.8216299,0.20619631,1.0466285,0.08608306,0.29862338
305,60.0,60,90.61337006873988,0.6610169491525424,0.9327111,0.20088749,1.269288,0.07954974,0.33577493
306,192.0,192,91.62723636805248,0.6073298429319371,1.8810107,0.19710706,1.249533,0.06395024,0.27492034
307,140.0,140,92.11096400437197,0.6258992805755396,1.7084845,0.20755851,1.114164,0.084839396,0.31878325
308,73.0,73,91.91985436432824,0.6666666666666666,0.75224996,0.19631289,1.0135353,0.066438586,0.30483976
309,128.0,128,92.28065582068496,0.5433070866141733,1.8513151,0.19932866,1.0424165,0.08625235,0.35194433
310,181.0,181,93.16784926247811,0.6333333333333333,1.4940096,0.20619662,1.0273752,0.06737445,0.28004777
311,132.0,132,93.55617076985332,0.6946564885496184,1.5030888,0.20554343,0.9127623,0.0735597,0.2955129
312,79.0,79,93.41060906215479,0.6538461538461539,1.1017381,0.19305092,0.8576667,0.06374356,0.29731718
313,127.0,127,93.74650297153323,0.6428571428571429,0.96257854,0.2010389,1.0215603,0.05274269,0.28453812
314,153.0,153,94.3390379418179,0.6118421052631579,1.9171917,0.20678994,1.2887334,0.10530951,0.30835345
315,116.0,116,94.55564756239973,0.5478260869565217,1.33209,0.20722799,0.9734724,0.082619905,0.30909657
316,173.0,173,95.34009108677573,0.5813953488372093,1.6761279,0.19191037,1.3291337,0.059102356,0.31578237
317,188.0,188,96.26669017590797,0.5989304812834224,1.2917259,0.20890751,1.0844554,0.064041406,0.31615907
318,270.0,270,98.00402327414889,0.5985130111524164,1.8649324,0.20828438,1.1479491,0.09443111,0.29969132
319,60.0,60,97.6239830414074,0.6101694915254238,1.324576,0.2002299,1.4594659,0.074675344,0.39959815
320,161.0,161,98.25774321099333,0.65,0.99004227,0.19658989,1.0906965,0.049728125,0.27398098
321,141.0,141,98.68516577888339,0.6571428571428571,1.1628463,0.19759874,1.014542,0.08066444,0.28905112
322,64.0,64,98.33831412109456,0.5396825396825397,0.72094065,0.2058078,0.98138624,0.07624519,0.32743412
323,182.0,182,99.1749309798836,0.6022099447513812,2.1102302,0.20506741,1.4121523,0.0963024,0.3343124
324,172.0,172,99.90318167008476,0.6374269005847953,1.5383445,0.19933374,1.2059427,0.06880113,0.29623723
325,224.0,224,101.14414985338391,0.6547085201793722,1.1030012,0.2058727,0.932698,0.048100684,0.24937017
326,207.0,207,102.20270835485006,0.6504854368932039,0.79944783,0.20920447,0.6481508,0.050795093,0.22786267
327,251.0,251,103.69068127130156,0.624,1.6805556,0.20179208,0.9764967,0.07903814,0.2757229
328,88.0,88,103.53377445858854,0.6666666666666666,0.9178072,0.20110689,0.7552284,0.07699922,0.29225665
329,185.0,185,104.34843671400264,0.5434782608695652,1.456514,0.20671153,0.7641098,0.071565986,0.26754302
330,175.0,175,105.05495234686262,0.5747126436781609,1.8845733,0.16212133,0.9896637,0.04951948,0.2538562
331,79.0,79,104.794402823394,0.6538461538461539,0.7171755,0.20708424,0.8344169,0.062423363,0.26919627
332,392.0,392,107.66645879516005,0.5754475703324808,1.8742619,0.2075112,1.102581,0.10121975,0.29589668
333,254.0,254,109.12979420720846,0.5731225296442688,2.211649,0.20729555,1.2175131,0.063574396,0.30782926
334,176.0,176,109.79849626513638,0.6514285714285715,1.3472797,0.19105528,1.1739182,0.06531911,0.28354058
335,500.0,500,113.70051130248501,0.6392785571142284,1.5156269,0.16114205,0.8870519,0.050298266,0.23812085
336,141.0,141,113.97350618946015,0.6357142857142857,1.3132808,0.20200078,0.8719323,0.06578521,0.28053322
337,302.0,302,115.85377112756555,0.627906976744186,0.7692864,0.2020511,0.9207476,0.044223916,0.22914435
338,106.0,106,115.7552334162899,0.5904761904761905,1.179267,0.20603731,1.0825164,0.05799225,0.29713723
339,162.0,162,116.217681082127,0.6521739130434783,1.3174963,0.20915906,1.0420734,0.091193736,0.27264318
340,500.0,500,120.05550427130574,0.6152304609218436,1.2895215,0.120706655,0.9914434,0.04927208,0.23250467
341,120.0,120,120.05494922859268,0.5966386554621849,0.72200185,0.20621763,0.85347074,0.04958416,0.25301403
342,146.0,146,120.31439973630674,0.6206896551724138,1.3056161,0.20535351,0.9624413,0.07483778,0.28743634
343,361.0,361,122.72125573894367,0.6,2.0931532,0.19308665,0.99559945,0.055192012,0.25773633
344,235.0,235,123.84404318155423,0.6538461538461539,1.6950763,0.19879703,1.0325559,0.08128076,0.29165816
345,318.0,318,125.78560274973869,0.5993690851735016,1.6928425,0.20375466,1.3693626,0.08413159,0.30172634
346,308.0,308,127.6077467222413,0.5993485342019544,2.0721264,0.20213121,1.4191219,0.08333262,0.29282248
347,500.0,500,131.33166925501888,0.6432865731462926,1.2626894,0.17274337,1.0012642,0.06003275,0.2518621
348,169.0,169,131.7083525624687,0.6726190476190477,1.7238024,0.20278706,0.9890863,0.08919977,0.29084057
349,72.0,72,131.111269036844,0.6197183098591549,0.7875329,0.20701,0.7504022,0.06166722,0.27509677
350,420.0,420,134.00015634647553,0.6420047732696897,1.7051427,0.19159195,1.2946757,0.048510734,0.2460488
351,275.0,275,135.41015478301077,0.6459854014598541,2.0309384,0.20813666,0.8733434,0.07498074,0.24341503
352,500.0,500,139.05605323518066,0.6793587174348698,1.6200981,0.17923647,0.7887392,0.06054901,0.21857324
353,41.0,41,138.07549270282885,0.625,0.7859289,0.20714162,0.76618236,0.11202093,0.25784883
354,79.0,79,137.48473777580057,0.6153846153846154,1.310987,0.20400397,0.9063353,0.08537842,0.25008473
355,103.0,103,137.13989039804255,0.6372549019607843,2.0250278,0.20538352,0.6565341,0.104399905,0.2199795
356,144.0,144,137.20849149406212,0.6643356643356644,1.6588259,0.20146577,0.78732485,0.064435005,0.22450256
357,128.0,128,137.1164065791215,0.6220472440944882,1.5090467,0.20652989,0.8666657,0.063423745,0.21833204
358,150.0,150,137.24524251333028,0.7114093959731543,1.9624301,0.20480347,0.71599585,0.07569571,0.21079704
359,158.0,158,137.452790088197,0.6496815286624203,2.039455,0.20545173,0.9118674,0.075077526,0.22503132
360,291.0,291,138.98826218731503,0.6620689655172414,1.4395654,0.11757998,0.67920125,0.060657408,0.21030344
361,295.0,295,140.54837956544188,0.6360544217687075,1.5124472,0.19958727,1.2513361,0.049400266,0.27764404
362,216.0,216,141.30289576978745,0.6465116279069767,2.4073286,0.11429303,0.7106888,0.060156774,0.20909937
363,250.0,250,142.38986681208956,0.6827309236947792,2.9032412,0.1632062,0.7966099,0.09491191,0.21931222
364,209.0,209,143.05596814396867,0.6201923076923077,2.5598454,0.19408411,1.1176379,0.071997285,0.26847538
365,221.0,221,143.835408462529,0.6181818181818182,1.1693095,0.20541915,1.040183,0.050309937,0.27669373
366,207.0,207,144.46705437790368,0.6699029126213593,1.3123426,0.20798603,0.9654043,0.06975253,0.23787154
367,270.0,270,145.72238383412463,0.620817843866171,2.2198904,0.20865856,0.9185566,0.06707608,0.2231762
368,158.0,158,145.8451599957834,0.6560509554140127,1.7031511,0.20828971,0.9954913,0.07909044,0.26913193
369,221.0,221,146.59670839582557,0.6954545454545454,1.2999499,0.20723818,0.95408875,0.04719847,0.22451922
370,285.0,285,147.98074131186732,0.6936619718309859,2.0341136,0.17909381,0.80363095,0.053560574,0.22065416
371,331.0,331,149.81093389874866,0.6484848484848484,2.9672875,0.17822635,1.0218066,0.095130496,0.22275536
372,266.0,266,150.97282455976116,0.6188679245283019,1.9845071,0.20774458,0.99257946,0.060430456,0.22364627
373,223.0,223,151.69309631416354,0.6801801801801802,1.8554404,0.09779095,0.6389954,0.04108912,0.19648975
374,96.0,96,151.1361653510219,0.7578947368421053,1.1323014,0.20285839,0.623632,0.066127,0.20095329
375,116.0,116,150.78480369751168,0.808695652173913,1.1082222,0.20327629,0.6285809,0.058456533,0.20452736
376,395.0,395,153.22695566053656,0.7309644670050761,1.4762466,0.20659986,0.7801088,0.049440496,0.19993336
377,154.0,154,153.23468610393118,0.7058823529411765,1.4950712,0.09958536,0.77981555,0.050763458,0.19269763
378,80.0,80,152.50233924289188,0.6582278481012658,1.5071942,0.20886011,0.63370484,0.10635307,0.20925932
379,270.0,270,153.67731585046295,0.6654275092936803,1.0998926,0.06388248,0.71502465,0.02840898,0.20011497
380,127.0,127,153.4105426919583,0.7063492063492064,1.5074481,0.2005575,0.5945062,0.058960926,0.20225106
381,134.0,134,153.21643726503873,0.6390977443609023,2.4056666,0.19713166,0.7132559,0.0932179,0.2029463
382,91.0,91,152.59427289238835,0.7666666666666667,0.9462105,0.208815,0.81683534,0.06661586,0.2191688
383,152.0,152,152.58833016346446,0.695364238410596,1.6799096,0.20664652,0.610996,0.066040576,0.1908058
384,101.0,101,152.0724468618298,0.67,2.0405993,0.208846,0.67771316,0.1089385,0.22567101
385,161.0,161,152.1617223932115,0.6875,1.9889239,0.1517463,0.68364173,0.062334184,0.19021101
386,303.0,303,153.6701051692794,0.6854304635761589,1.587757,0.20341285,0.7091011,0.05149021,0.21396892
387,149.0,149,153.6234041175866,0.6959459459459459,1.259911,0.20025234,0.92000574,0.07522072,0.22148834
388,88.0,88,152.96717007641072,0.6206896551724138,1.1210572,0.20317599,0.85026634,0.07010778,0.2470139
389,370.0,370,155.1374983756466,0.7506775067750677,1.4599892,0.20354082,0.6199348,0.04113514,0.19509125
390,331.0,331,156.89612339189014,0.6575757575757576,1.3192469,0.086994864,0.7172115,0.035448372,0.20621926
391,67.0,67,155.99716215797122,0.696969696969697,0.9021597,0.20120403,0.60423297,0.0794419,0.22359285
392,74.0,74,155.17719053639152,0.7397260273972602,1.0816368,0.1987488,0.680632,0.0901302,0.21942845
393,90.0,90,154.5254186310276,0.6853932584269663,0.90671396,0.20940956,0.754774,0.060554262,0.22656703
394,181.0,181,154.79016444471733,0.6777777777777778,2.039903,0.20235042,0.7013996,0.060417585,0.20959118
395,128.0,128,154.52226280027017,0.6929133858267716,1.0942763,0.20794445,0.7299666,0.052085087,0.2130413
396,57.0,57,153.54704017226746,0.6785714285714286,0.90087724,0.20704867,0.7694224,0.0978339,0.2312914
397,65.0,65,152.6615697705448,0.65625,1.0386897,0.20890458,0.73253393,0.09128367,0.22409058
398,500.0,500,156.13495407283935,0.6513026052104208,0.96968496,0.111189306,0.74549425,0.034658186,0.21931559
399,116.0,116,155.73360453211095,0.6608695652173913,1.0544884,0.20297967,0.60668415,0.056496065,0.21272764
400,69.0,69,154.86626848678983,0.7205882352941176,1.1097989,0.20684297,0.80111766,0.091668285,0.22347479
401,244.0,244,155.75760580192193,0.6296296296296297,1.9923866,0.18183307,0.90575737,0.061840285,0.21333012
402,113.0,113,155.3300297439027,0.7589285714285714,0.85957384,0.20432533,0.6425698,0.05131317,0.2071476
403,53.0,53,154.3067294464637,0.6730769230769231,0.937186,0.20278752,0.6262015,0.097584635,0.24090697
404,91.0,91,153.67366215199905,0.7222222222222222,0.90498894,0.20898058,0.6835416,0.059848756,0.21457914
405,158.0,158,153.71692553047907,0.6942675159235668,1.6020571,0.20923038,0.68255395,0.095783435,0.21311502
406,175.0,175,153.92975627517427,0.6379310344827587,1.4628175,0.20326604,0.6832245,0.09469989,0.22923946
407,127.0,127,153.66045871242252,0.6349206349206349,1.0747375,0.19705482,0.72277945,0.07688186,0.2127606
408,63.0,63,152.7538541252983,0.6935483870967742,0.9078863,0.2052539,0.60746986,0.087325804,0.21434908
409,139.0,139,152.61631558404528,0.7318840579710145,0.7606518,0.20653868,0.6925497,0.048012994,0.20536612
410,115.0,115,152.24015242820482,0.6666666666666666,0.88320225,0.20308137,0.6457862,0.066205174,0.21993174
411,110.0,110,151.81775090392276,0.6605504587155964,0.91056424,0.20022517,0.7782498,0.04908427,0.24086808
412,91.0,91,151.20957339488353,0.6333333333333333,0.6834044,0.20710814,0.78344405,0.06272016,0.24075967
413,328.0,328,152.9774776609347,0.6605504587155964,1.4328692,0.20047231,0.7538309,0.04799017,0.20072547
414,55.0,55,151.99770288432538,0.7222222222222222,0.9200921,0.2088279,0.72402155,0.098953396,0.22379702
415,67.0,67,151.14772585548212,0.696969696969697,1.1362672,0.19928712,0.6962134,0.0844881,0.23718245
416,264.0,264,152.27624859692727,0.6920152091254753,1.861467,0.20871562,0.8472004,0.06466627,0.21323247
417,77.0,77,151.523486110958,0.6447368421052632,0.9051633,0.20768334,0.75164896,0.06929271,0.23398258
418,61.0,61,150.61825124984844,0.6166666666666667,0.7659844,0.1938403,0.87487197,0.07724188,0.25625756
419,146.0,146,150.57206873734995,0.6689655172413793,0.76286227,0.20590506,0.5996843,0.06086595,0.21089932
420,67.0,67,149.73634804997644,0.6818181818181818,0.75720817,0.20720908,0.67315924,0.066575944,0.2484713
421,190.0,190,150.1389845694767,0.7248677248677249,0.9214565,0.20889956,0.6707116,0.055072483,0.19601433
422,309.0,309,151.72759472378192,0.6915584415584416,0.7233017,0.20436801,0.73501873,0.02596228,0.21121536
423,51.0,51,150.72031877654408,0.66,0.76175356,0.20617847,0.6905721,0.08930324,0.24606651
424,58.0,58,149.79311558877865,0.6842105263157895,0.7172838,0.20745015,0.67284817,0.08306363,0.24770774
425,187.0,187,150.16518443289087,0.7043010752688172,1.4697055,0.20343916,0.6682045,0.06603589,0.21011952
426,142.0,142,150.08353258856195,0.7021276595744681,2.0442266,0.10914075,0.60788393,0.06822726,0.18866134
427,48.0,48,149.06269726267632,0.7659574468085106,0.5356027,0.19519593,0.86822885,0.0825289,0.25051606
428,89.0,89,148.46207029004955,0.7727272727272727,0.59485716,0.19968276,0.69688493,0.06330102,0.23209836
429,91.0,91,147.88744958714906,0.7333333333333333,0.8616997,0.20301637,0.69946593,0.07061396,0.22720899
430,105.0,105,147.4585750912776,0.6826923076923077,0.73299825,0.20012216,0.7861248,0.053137667,0.24630564
431,135.0,135,147.3339893403648,0.6865671641791045,0.5704153,0.19660027,0.8251066,0.037851553,0.21636266
432,417.0,417,150.03064944696115,0.7283653846153846,1.6453116,0.20483893,0.71095335,0.06770517,0.2085059
433,56.0,56,149.09034295249154,0.6909090909090909,0.6937195,0.20147482,0.6713227,0.092923425,0.23084854
434,90.0,90,148.49943952296664,0.651685393258427,0.61624366,0.20627223,0.7444928,0.06769793,0.27686343
435,62.0,62,147.63444512773697,0.639344262295082,0.7548776,0.20478177,0.9938772,0.067516156,0.24002215
436,252.0,252,148.6781006764596,0.7091633466135459,1.6714708,0.109333165,0.722058,0.042478077,0.18754484
437,248.0,248,149.67131966969498,0.6923076923076923,2.0050664,0.15050094,0.69593585,0.041578792,0.20113792
438,54.0,54,148.714606472998,0.7547169811320755,0.73716646,0.19812393,0.62559,0.09029934,0.23441096
439,209.0,209,149.31746040826803,0.6875,1.6226672,0.141383,0.71778,0.041104842,0.20218642
440,304.0,304,150.86428580418536,0.6831683168316832,1.2556585,0.07228493,0.5604574,0.022125948,0.18782882
441,170.0,170,151.05564294614348,0.6745562130177515,0.9174535,0.19705662,0.8119451,0.056785073,0.20227742
442,145.0,145,150.99508651668202,0.6875,0.92149013,0.20769042,0.70734346,0.044076215,0.21272033
443,283.0,283,152.31513565151522,0.6595744680851063,1.2686071,0.20815766,0.74774235,0.052602362,0.21422787
444,80.0,80,151.5919842950001,0.7215189873417721,0.7111066,0.20233075,0.7327058,0.065821394,0.21613736
445,177.0,177,151.8460644520501,0.7386363636363636,1.4738586,0.2059672,0.6327836,0.099889375,0.21130042
446,64.0,64,150.96760380752957,0.6507936507936508,1.2634355,0.19861443,0.70342684,0.103051305,0.23639639
447,75.0,75,150.20792776945427,0.7567567567567568,0.9020716,0.20379148,0.7923173,0.07225725,0.21989794
448,323.0,323,151.9358484917597,0.6614906832298136,0.8865333,0.20751359,0.7101051,0.030205632,0.21167538
449,203.0,203,152.4464900068421,0.6732673267326733,1.3004085,0.20330021,0.7419746,0.06067807,0.21833698
450,371.0,371,154.6320251067737,0.7054054054054054,0.9028439,0.19984056,0.7907809,0.037653044,0.2177553
451,95.0,95,154.03570485570597,0.7872340425531915,0.7029347,0.20242344,0.7051875,0.05612167,0.20853966
452,500.0,500,157.4953478071489,0.6813627254509018,0.9230568,0.092858486,0.68110675,0.033795822,0.20863014
453,247.0,247,158.39039432907742,0.6747967479674797,1.0987246,0.20777674,0.82010186,0.0436129,0.21220084
454,88.0,88,157.68649038578664,0.7471264367816092,1.059093,0.20337856,0.7210862,0.07277263,0.20526028
455,74.0,74,156.84962548192877,0.726027397260274,1.136814,0.20864369,0.7068304,0.08384223,0.22202842
456,100.0,100,156.2811292271095,0.5959595959595959,1.2896196,0.20772775,0.73464423,0.07866604,0.22558899
457,113.0,113,155.84831793483838,0.6696428571428571,1.24607,0.20901717,0.6922177,0.065774545,0.21912998
458,500.0,500,159.28983475549,0.6412825651302605,1.531165,0.17757711,0.87014514,0.054293778,0.23702557
459,197.0,197,159.6669364079351,0.6836734693877551,1.2232702,0.20843041,0.83933055,0.056836117,0.22287135
460,178.0,178,159.85026704385575,0.7005649717514124,1.4537066,0.20265716,0.72903186,0.08781272,0.24266034
461,179.0,179,160.04176437341718,0.6910112359550562,1.150006,0.20162907,0.738238,0.049282383,0.21234204
462,122.0,122,159.661346729683,0.6528925619834711,1.4814829,0.20910813,0.5868141,0.063799106,0.22142705
463,103.0,103,159.09473326238617,0.7254901960784313,1.0369197,0.20870143,0.981761,0.06402368,0.21324536
464,68.0,68,158.1837859297623,0.7313432835820896,1.0936004,0.20815688,0.6604931,0.084636904,0.21570581
465,500.0,500,161.6019480704647,0.6472945891783567,1.2699403,0.12374114,0.8078484,0.04152934,0.22156234
466,51.0,51,160.49592858976004,0.7,1.0726478,0.20016108,0.74103975,0.10884505,0.24623497
467,108.0,108,159.97096930386246,0.6915887850467289,0.71995634,0.20464054,0.7510129,0.062022753,0.23536909
468,500.0,500,163.37125961082384,0.6893787575150301,0.7494524,0.069375046,0.80584526,0.022068784,0.20814317
469,196.0,196,163.6975470147156,0.6871794871794872,0.9412889,0.20909663,0.7400553,0.04949001,0.21571657
470,67.0,67,162.73057154456845,0.7727272727272727,1.1420982,0.20594762,0.64004064,0.095084995,0.20067723
471,60.0,60,161.70326582912276,0.6949152542372882,0.87320006,0.20532995,0.66224766,0.0951054,0.22789831
472,102.0,102,161.10623317083153,0.7623762376237624,0.90432334,0.20906875,0.7491546,0.060147732,0.21214662
473,277.0,277,162.26517083912321,0.6594202898550725,1.1336381,0.20554687,0.78965205,0.035199933,0.21855332
474,186.0,186,162.502519130732,0.7567567567567568,1.2309624,0.20722848,0.6324839,0.062009495,0.20979391
475,156.0,156,162.43749393942468,0.6580645161290323,0.8833202,0.20644476,0.72909886,0.039794043,0.20904732
476,105.0,105,161.86311900003045,0.6538461538461539,0.70228076,0.20706931,0.95007414,0.052045442,0.2538974
477,138.0,138,161.62448781003013,0.635036496350365,1.0562704,0.20532694,0.8152089,0.048664972,0.23365507
478,214.0,214,162.14824293192981,0.704225352112676,0.94329387,0.20698677,0.7455736,0.048152007,0.22070983
479,131.0,131,161.83676050261053,0.6,1.2427839,0.20423253,0.7761696,0.08521194,0.23706797
480,156.0,156,161.77839289758444,0.6,1.5074611,0.2074041,0.92430013,0.09861338,0.27602217
481,160.0,160,161.76060896860858,0.660377358490566,1.2455878,0.20352903,0.79256296,0.06797552,0.24850602
482,329.0,329,163.43300287892248,0.6707317073170732,2.0157506,0.20559515,0.7080458,0.07087482,0.22872166
483,447.0,447,166.26867285013324,0.6390134529147982,1.517237,0.20914759,0.9955388,0.060615573,0.25833958
484,113.0,113,165.7359861216319,0.6875,0.8879753,0.20804814,0.80421126,0.050513323,0.23062289
485,312.0,312,167.19862626041558,0.6109324758842444,1.2479577,0.2070027,1.0239869,0.052005187,0.25596246
486,467.0,467,170.19663999781142,0.6394849785407726,0.97303563,0.19643854,0.93425035,0.04277727,0.22866958
487,152.0,152,170.0146735978333,0.6688741721854304,1.6823684,0.20869456,0.67244846,0.059350006,0.21414335
488,85.0,85,169.16452686185497,0.6547619047619048,1.4856108,0.19741544,0.7264756,0.09323262,0.22552279
489,289.0,289,170.3628815932364,0.6423611111111112,1.0829057,0.20795485,0.95561516,0.061112948,0.26397476
490,134.0,134,169.99925277730404,0.6015037593984962,1.4341038,0.20609488,0.7352418,0.06732817,0.23694813
491,107.0,107,169.36926024953098,0.6509433962264151,1.1240654,0.20727997,0.76364505,0.06571197,0.21896687
492,500.0,500,172.67556764703568,0.6072144288577155,0.9597298,0.13965577,0.9536818,0.057455998,0.27156514
493,243.0,243,173.37881197056532,0.6446280991735537,1.3469057,0.19956176,1.1425812,0.049175873,0.28868634
494,500.0,500,176.64502385085967,0.5951903807615231,1.2697003,0.16900957,0.98440754,0.07357651,0.27868268
495,191.0,191,176.78857361235106,0.5842105263157895,1.597375,0.20308457,0.8827946,0.052406352,0.22816749
496,264.0,264,177.66068787622754,0.6121673003802282,1.1694865,0.20245507,1.0318832,0.07009048,0.30680588
497,372.0,372,179.60408099746527,0.6657681940700808,2.0578425,0.20249142,0.6947205,0.05247598,0.2078729
498,115.0,115,178.95804018749064,0.6666666666666666,1.4433095,0.2074406,0.69152576,0.070621565,0.2156065
499,500.0,500,182.16845978561574,0.6452905811623246,0.9550065,0.121381566,0.8776959,0.036865816,0.23343807
500,103.0,103,181.3767751877596,0.6862745098039216,2.0131545,0.20496815,0.6872715,0.10385831,0.21561705
